"","X","strain","Lane","species","ST","cresid","source","dyad","sample_date","Date.Received"
"1",1,"42139_1#332","42139_1#332","Klebsiella pneumoniae","ST3132","CIS13MB1","Neonate's cot","DSKZH",NA,2019-09-12
"2",2,"42756_2#264","42756_2#264","Klebsiella pneumoniae","ST307","CIV13CE3","Ward surfaces",NA,NA,2020-01-13
"3",3,"42139_1#90","42139_1#90","Klebsiella pneumoniae","ST307","CIS158S1","Neonate's stool","NKRSD",NA,2020-02-18
"4",4,"47963_2#73","47963_2#73","Klebsiella pneumoniae","ST101","CIV13DE3","Ward surfaces",NA,NA,2020-01-20
"5",5,"42139_1#64","42139_1#64","Klebsiella pneumoniae","ST86","CIT10KB1","Neonate's cot","ZNHVD",NA,2019-11-04
"6",6,"43416_2#125","43416_2#125","Klebsiella pneumoniae","ST17","CIT108B1","Neonate's cot","BKCSV",NA,2019-08-30
"7",7,"43416_2#262","43416_2#262","Klebsiella pneumoniae","ST628","CIV13SE7","Ward surfaces",NA,NA,2020-02-24
"8",8,"47963_2#190","47963_2#190","Klebsiella pneumoniae","ST393","CIV107E6","Ward surfaces",NA,NA,2019-09-02
"9",9,"42139_1#304","42139_1#304","Klebsiella pneumoniae","ST29","CIS13NS2","Mother's stool","58670",NA,2019-10-03
"10",10,"43416_2#200","43416_2#200","Klebsiella pneumoniae","ST17","CIU109S1","Neonate's stool","BKCSV",NA,2019-09-03
"11",11,"42601_1#83","42601_1#83","Klebsiella pneumoniae","ST2268","CIS15JH1","Mother's hands","43705",NA,2020-03-06
"12",12,"42756_2#214","42756_2#214","Klebsiella pneumoniae","ST39","CIV13CE2","Ward surfaces",NA,NA,2020-01-13
"13",13,"47963_2#133","47963_2#133","Klebsiella pneumoniae","ST15","CIS149H1","Mother's hands","9138",NA,2019-11-18
"14",14,"42139_1#55","42139_1#55","Klebsiella pneumoniae","ST3559","CIU145S2","Mother's stool","7841",NA,2020-03-04
"15",15,"42070_1#56","42070_1#56","Klebsiella pneumoniae","ST15","CIT153H1","Mother's hands","72395",NA,2020-02-13
"16",16,"42139_1#220","42139_1#220","Klebsiella pneumoniae","ST399","CIS149C1","Swaddling cloth","NCSRK",NA,2019-11-18
"17",17,"42139_1#61","42139_1#61","Klebsiella pneumoniae","ST307","CIS15GB1","Neonate's cot","DZKSR",NA,2020-03-02
"18",18,"42756_2#156","42756_2#156","Klebsiella pneumoniae","ST15","CIV130E3","Ward surfaces",NA,NA,2019-11-25
"19",19,"42139_1#182","42139_1#182","Klebsiella pneumoniae","ST1106","CIT101S1","Neonate's stool","NZKSH",NA,2019-08-09
"20",20,"42139_1#88","42139_1#88","Klebsiella pneumoniae","ST607","CIU13VS2","Mother's stool","75826",NA,2020-02-04
"21",21,"42139_1#117","42139_1#117","Klebsiella pneumoniae","ST17","CIT15DS1","Neonate's stool","HCSND",NA,2020-03-09
"22",22,"42139_1#86","42139_1#86","Klebsiella pneumoniae","ST39","CIS14ZS1","Neonate's stool","KHSBN",NA,2020-01-27
"23",23,"42139_1#159","42139_1#159","Klebsiella pneumoniae","ST340","CIU13KB1","Neonate's cot","VNKBR",NA,2019-11-26
"24",24,"42139_1#262","42139_1#262","Klebsiella pneumoniae","ST15","CIS14DB1","Neonate's cot","ZVRKS",NA,2019-11-26
"25",25,"47963_2#102","47963_2#102","Klebsiella pneumoniae","ST15","CIT13UB1","Neonate's cot","ZNBHC",NA,2019-11-28
"26",26,"42139_1#360","42139_1#360","Klebsiella pneumoniae","ST1661","CIS141B1","Neonate's cot","DHCKN",NA,2019-11-04
"27",27,"42070_1#190","42070_1#190","Klebsiella pneumoniae","ST35","CIT10DH1","Mother's hands","58670",NA,2019-10-07
"28",28,"47963_2#210","47963_2#210","Klebsiella pneumoniae","ST15","CIT13RH1","Mother's hands","23145",NA,2019-11-22
"29",29,"42139_1#349","42139_1#349","Klebsiella pneumoniae","ST86","CIT10KS2","Mother's stool","43012",NA,2019-11-04
"30",30,"42139_1#329","42139_1#329","Klebsiella pneumoniae","ST29","CIT13WS2","Mother's stool","40592",NA,2019-11-02
"31",31,"47963_2#130","47963_2#130","Klebsiella pneumoniae","ST15","CIV13EE4","Ward surfaces",NA,NA,2020-01-20
"32",32,"42139_1#211","42139_1#211","Klebsiella pneumoniae","ST101","CIS16NS1","Neonate's stool","RNSKD",NA,2020-03-24
"33",33,"42139_1#116","42139_1#116","Klebsiella pneumoniae","ST391","CIU13XB1","Neonate's cot","BDCKR",NA,2020-02-17
"34",34,"42756_2#299","42756_2#299","Klebsiella pneumoniae","ST15","CIV135E1","Ward surfaces",NA,NA,2019-12-09
"35",35,"42756_2#10","42756_2#10","Klebsiella pneumoniae","ST4083","CIV111E7","Ward surfaces",NA,NA,2019-11-11
"36",36,"42756_2#25","42756_2#25","Klebsiella pneumoniae","ST3113","CIS15GS2","Mother's stool","59380",NA,2020-03-02
"37",37,"47963_2#76","47963_2#76","Klebsiella pneumoniae","ST2136","CIV13CE8","Ward surfaces",NA,NA,2020-01-13
"38",38,"42756_2#13","42756_2#13","Klebsiella pneumoniae","ST340","CIV111E9","Ward surfaces",NA,NA,2019-11-11
"39",39,"43416_2#49","43416_2#49","Klebsiella pneumoniae","ST20","CIV10YU1","Ward surfaces",NA,NA,2019-11-04
"40",40,"47963_2#289","47963_2#289","Klebsiella pneumoniae","ST15","CIV116E6","Ward surfaces",NA,NA,2019-11-25
"41",41,"42139_1#23","42139_1#23","Klebsiella pneumoniae","ST17","CIT15CS2","Mother's stool","97402",NA,2020-03-06
"42",42,"42139_1#213","42139_1#213","Klebsiella pneumoniae","ST17","CIT15DB1","Neonate's cot","HCSND",NA,2020-03-09
"43",43,"42139_1#179","42139_1#179","Klebsiella pneumoniae","ST2793","CIS14EB1","Neonate's cot","HRSNZ",NA,2019-11-26
"44",44,"42139_1#341","42139_1#341","Klebsiella pneumoniae","ST29","CIS14DS2","Mother's stool","32465",NA,2019-11-26
"45",45,"42139_1#315","42139_1#315","Klebsiella pneumoniae","ST39","CIS13LB1","Neonate's cot","RCNVH",NA,2019-09-10
"46",46,"43416_2#138","43416_2#138","Klebsiella pneumoniae","ST37","CIU13QS2","Mother's stool","76021",NA,2020-01-20
"47",47,"43416_2#109","43416_2#109","Klebsiella pneumoniae","ST307","CIV138E3","Ward surfaces",NA,NA,2020-01-06
"48",48,"42139_1#125","42139_1#125","Klebsiella pneumoniae","ST15","CIU146B1","Neonate's cot","DZKSR",NA,2020-03-06
"49",49,"42756_2#95","42756_2#95","Klebsiella pneumoniae","ST307","CIV13HE2","Ward surfaces",NA,NA,2020-01-27
"50",50,"42139_1#153","42139_1#153","Klebsiella pneumoniae","ST15","CIT13RB1","Neonate's cot","ZRKND",NA,2019-11-22
"51",51,"42756_2#212","42756_2#212","Klebsiella pneumoniae","ST1552","CIV13BE8","Ward surfaces",NA,NA,2020-01-13
"52",52,"47963_2#329","47963_2#329","Klebsiella pneumoniae","ST2793","CIT101H1","Mother's hands","29476",NA,2019-08-09
"53",53,"42139_1#221","42139_1#221","Klebsiella pneumoniae","ST17","CIU148B1","Neonate's cot","HCSND",NA,2020-03-13
"54",54,"42070_1#184","42070_1#184","Klebsiella pneumoniae","ST35","CIT10DS1","Neonate's stool","VHSCZ",NA,2019-10-07
"55",55,"42139_1#222","42139_1#222","Klebsiella pneumoniae","ST607","CIS16NH1","Mother's hands","92871",NA,2020-03-24
"56",56,"47963_2#365","47963_2#365","Klebsiella pneumoniae","ST39","CIU101H1","Mother's hands","51837",NA,2019-07-29
"57",57,"42756_2#48","42756_2#48","Klebsiella pneumoniae","ST45","CIV13VE5","Ward surfaces",NA,NA,2020-03-02
"58",58,"47963_2#15","47963_2#15","Klebsiella pneumoniae","ST1106","CIT107B1","Neonate's cot","NVRSB",NA,2019-08-30
"59",59,"42139_1#260","42139_1#260","Klebsiella pneumoniae","ST4083","CIS14AB1","Neonate's cot","VNKBR",NA,2019-11-19
"60",60,"47963_2#333","47963_2#333","Klebsiella pneumoniae","ST39","CIU102H1","Mother's hands","12845",NA,2019-08-05
"61",61,"42139_1#362","42139_1#362","Klebsiella pneumoniae","ST29","CIT13LS1","Neonate's stool","DHCKN",NA,2019-11-08
"62",62,"42756_3#161","42756_3#161","Klebsiella pneumoniae","ST17","CIV114E6","Ward surfaces",NA,NA,2019-11-18
"63",63,"42070_2#147","42070_2#147","Klebsiella pneumoniae","ST35","CIU10HB1","Neonate's cot","BVZKS",NA,2019-10-29
"64",64,"42756_2#145","42756_2#145","Klebsiella pneumoniae","ST15","CIV130E1","Ward surfaces",NA,NA,2019-11-25
"65",65,"43416_2#175","43416_2#175","Klebsiella pneumoniae","ST39","CIV105E9","Ward surfaces",NA,NA,NA
"66",66,"47963_2#173","47963_2#173","Klebsiella pneumoniae","ST607","CIU10HS2","Mother's stool","83719",NA,2019-10-29
"67",67,"47963_2#228","47963_2#228","Klebsiella pneumoniae","ST15","CIV13VE9","Ward surfaces",NA,NA,2020-03-02
"68",68,"42139_1#313","42139_1#313","Klebsiella pneumoniae","ST15","CIS14HB1","Neonate's cot","SDHZN",NA,2019-11-26
"69",69,"42756_2#228","42756_2#228","Klebsiella pneumoniae","ST15","CIV116E8","Ward surfaces",NA,NA,2019-11-25
"70",70,"47963_2#327","47963_2#327","Klebsiella pneumoniae","ST35","CIV10LE9","Ward surfaces",NA,NA,2019-09-16
"71",71,"47963_2#194","47963_2#194","Klebsiella pneumoniae","ST15","CIV13XE2","Ward surfaces",NA,NA,2020-03-09
"72",72,"42139_1#83","42139_1#83","Klebsiella pneumoniae","ST307","CIS15HB1","Neonate's cot","ZRBDK",NA,2020-03-04
"73",73,"42139_1#353","42139_1#353","Klebsiella pneumoniae","ST48","CIT10IS2","Mother's stool","83719",NA,2019-10-25
"74",74,"42756_3#190","42756_3#190","Klebsiella pneumoniae","ST101","CIV13PE8","Ward surfaces",NA,NA,2020-02-17
"75",75,"42070_1#252","42070_1#252","Klebsiella pneumoniae","ST35","CIU10FH1","Mother's hands","86132",NA,2019-10-16
"76",76,"43416_2#187","43416_2#187","Klebsiella pneumoniae","ST340","CIV13YE9","Ward surfaces",NA,NA,2020-03-09
"77",77,"42139_1#154","42139_1#154","Klebsiella pneumoniae","ST607","CIS103B1","Neonate's cot","CNVBK",NA,2019-08-01
"78",78,"47963_2#353","47963_2#353","Klebsiella pneumoniae","ST39","CIV108E3","Ward surfaces",NA,NA,2019-09-09
"79",79,"47963_2#359","47963_2#359","Klebsiella pneumoniae","ST1106","CIV105E8","Ward surfaces",NA,NA,2019-09-02
"80",80,"42139_1#25","42139_1#25","Klebsiella pneumoniae","ST896","CIU148S2","Mother's stool","43705",NA,2020-03-13
"81",81,"43416_2#168","43416_2#168","Klebsiella pneumoniae","ST39","CIU13HH1","Mother's hands","36209",NA,2019-11-19
"82",82,"42139_1#118","42139_1#118","Klebsiella pneumoniae","ST391","CIU13XS1","Neonate's stool","BDCKR",NA,2020-02-17
"83",83,"42756_3#116","42756_3#116","Klebsiella pneumoniae","ST39","CIV10LE6","Ward surfaces",NA,NA,2019-09-16
"84",84,"43416_2#28","43416_2#28","Klebsiella pneumoniae","ST567","CIV10XE8","Ward surfaces",NA,NA,2019-11-04
"85",85,"43416_2#159","43416_2#159","Klebsiella pneumoniae","ST29","CIS146B1","Neonate's cot","KBNZD",NA,2019-11-12
"86",86,"42139_1#215","42139_1#215","Klebsiella pneumoniae","ST584","CIT15EB1","Neonate's cot","KCRDZ",NA,2020-03-09
"87",87,"42139_1#30","42139_1#30","Klebsiella pneumoniae","ST15","CIS154B1","Neonate's cot","NKZCV",NA,2020-02-12
"88",88,"42139_1#331","42139_1#331","Klebsiella pneumoniae","ST29","CIT10DS2","Mother's stool","58670",NA,2019-10-07
"89",89,"42070_1#306","42070_1#306","Klebsiella pneumoniae","ST2074","CIS14IC1","Swaddling cloth","KCHRB",NA,2019-12-03
"90",90,"42139_1#218","42139_1#218","Klebsiella pneumoniae","ST29","CIU149B1","Neonate's cot","RKSDC",NA,2020-03-13
"91",91,"42756_2#121","42756_2#121","Klebsiella pneumoniae","ST391","CIV13QE6","Ward surfaces",NA,NA,2020-02-17
"92",92,"42139_1#281","42139_1#281","Klebsiella pneumoniae","ST2793","CIS106S1","Neonate's stool","NZKSH",NA,2019-08-06
"93",93,"42601_1#205","42601_1#205","Klebsiella pneumoniae","ST3132","CIV143E3","Ward surfaces",NA,NA,2020-03-23
"94",94,"47963_2#42","47963_2#42","Klebsiella pneumoniae","ST15","CIV13NE4","Ward surfaces",NA,NA,NA
"95",95,"43416_2#211","43416_2#211","Klebsiella pneumoniae","ST2623","CIU143B1","Neonate's cot","HRKNC",NA,2020-03-02
"96",96,"43416_2#90","43416_2#90","Klebsiella pneumoniae","ST1552","CIV10TE9","Ward surfaces",NA,NA,2019-10-14
"97",97,"42139_1#58","42139_1#58","Klebsiella pneumoniae","ST39","CIT10IB1","Neonate's cot","BVZKS",NA,2019-10-25
"98",98,"47963_2#212","47963_2#212","Klebsiella pneumoniae","ST17","CIV10LE7","Ward surfaces",NA,NA,2019-09-16
"99",99,"42139_1#183","42139_1#183","Klebsiella pneumoniae","ST307","CIS14NB1","Neonate's cot","VBZKN",NA,2020-01-08
"100",100,"42756_2#252","42756_2#252","Klebsiella pneumoniae","ST307","CIT142S2","Mother's stool","96452",NA,2020-01-20
"101",101,"42070_2#310","42070_2#310","Klebsiella pneumoniae","ST607","CIS14JB1","Neonate's cot","NCRKV",NA,2019-12-05
"102",102,"42601_1#211","42601_1#211","Klebsiella pneumoniae","ST37","CIV143E6","Ward surfaces",NA,NA,2020-03-23
"103",103,"43416_2#116","43416_2#116","Klebsiella pneumoniae","ST3559","CIV10JE9","Ward surfaces",NA,NA,2019-08-19
"104",104,"42139_1#292","42139_1#292","Klebsiella pneumoniae","ST25","CIU105S1","Neonate's stool","DCBKN",NA,2019-08-21
"105",105,"42756_2#2","42756_2#2","Klebsiella pneumoniae","ST4083","CIV111E3","Ward surfaces",NA,NA,2019-11-11
"106",106,"42756_3#176","42756_3#176","Klebsiella pneumoniae","ST4083","CIV13IE6","Ward surfaces",NA,NA,2020-01-27
"107",107,"47963_2#242","47963_2#242","Klebsiella pneumoniae","ST626","CIV109E9","Ward surfaces",NA,NA,2019-09-09
"108",108,"42139_1#337","42139_1#337","Klebsiella pneumoniae","ST15","CIS14XB1","Neonate's cot","NZHVB",NA,2020-01-24
"109",109,"43416_2#268","43416_2#268","Klebsiella pneumoniae","ST2623","CIV13LE8","Ward surfaces",NA,NA,2020-02-04
"110",110,"42756_2#351","42756_2#351","Klebsiella pneumoniae","ST340","CIV110E6","Ward surfaces",NA,NA,2019-11-11
"111",111,"42756_2#207","42756_2#207","Klebsiella pneumoniae","ST101","CIT13PH1","Mother's hands","9138",NA,2019-11-22
"112",112,"47963_2#363","47963_2#363","Klebsiella pneumoniae","ST2793","CIV10IE4","Ward surfaces",NA,NA,2019-08-19
"113",113,"42139_1#20","42139_1#20","Klebsiella pneumoniae","ST307","CIS148B1","Neonate's cot","VCDKS",NA,2019-11-14
"114",114,"47963_2#169","47963_2#169","Klebsiella pneumoniae","ST307","CIV10VE1","Ward surfaces",NA,NA,2019-10-21
"115",115,"42756_2#202","42756_2#202","Klebsiella pneumoniae","ST39","CIV110E3","Ward surfaces",NA,NA,2019-11-11
"116",116,"42139_1#49","42139_1#49","Klebsiella pneumoniae","ST15","CIS154C1","Swaddling cloth","NKZCV",NA,2020-02-12
"117",117,"42139_1#114","42139_1#114","Klebsiella pneumoniae","ST15","CIU13WS1","Neonate's stool","NVSBH",NA,2020-02-17
"118",118,"43416_2#118","43416_2#118","Klebsiella pneumoniae","ST491","CIV139U1","Ward surfaces",NA,NA,2020-01-06
"119",119,"47963_2#163","47963_2#163","Klebsiella pneumoniae","ST307","CIV10YE3","Ward surfaces",NA,NA,2019-11-04
"120",120,"43416_2#46","43416_2#46","Klebsiella pneumoniae","ST307","CIV114E7","Ward surfaces",NA,NA,2019-11-18
"121",121,"47963_2#14","47963_2#14","Klebsiella pneumoniae","ST15","CIV13NE7","Ward surfaces",NA,NA,NA
"122",122,"42139_1#273","42139_1#273","Klebsiella pneumoniae","ST15","CIU13NS1","Neonate's stool","SDHZN",NA,2019-11-02
"123",123,"42756_2#98","42756_2#98","Klebsiella pneumoniae","ST129","CIV13HE5","Ward surfaces",NA,NA,2020-01-27
"124",124,"42756_3#79","42756_3#79","Klebsiella pneumoniae","ST48","CIV13IE6","Ward surfaces",NA,NA,2020-01-27
"125",125,"42139_1#187","42139_1#187","Klebsiella pneumoniae","ST26-1LV","CIS15KB1","Neonate's cot","ZHDCR",NA,2020-03-10
"126",126,"42139_1#128","42139_1#128","Klebsiella pneumoniae","ST307","CIU141B1","Neonate's cot","NKRSD",NA,2020-02-24
"127",127,"42756_2#186","42756_2#186","Klebsiella pneumoniae","ST307","CIV13HE5","Ward surfaces",NA,NA,2020-01-27
"128",128,"42756_3#37","42756_3#37","Klebsiella pneumoniae","ST15","CIV116E3","Ward surfaces",NA,NA,2019-11-25
"129",129,"43416_2#40","43416_2#40","Klebsiella pneumoniae","ST54","CIS142C1","Swaddling cloth","RCSZD",NA,2019-11-04
"130",130,"47963_2#267","47963_2#267","Klebsiella pneumoniae","ST15","CIV10TE6","Ward surfaces",NA,NA,2019-10-14
"131",131,"47963_2#161","47963_2#161","Klebsiella pneumoniae","ST4083","CIV111E6","Ward surfaces",NA,NA,2019-11-11
"132",132,"42139_1#177","42139_1#177","Klebsiella pneumoniae","ST3132","CIS14BB1","Neonate's cot","ZSHVR",NA,2019-11-22
"133",133,"42756_2#350","42756_2#350","Klebsiella pneumoniae","ST48","CIV13IE5","Ward surfaces",NA,NA,2020-01-27
"134",134,"42139_1#266","42139_1#266","Klebsiella pneumoniae","ST1106","CIS158B1","Neonate's cot","NKRSD",NA,2020-02-18
"135",135,"47963_2#67","47963_2#67","Klebsiella pneumoniae","ST399","CIS14AB1","Neonate's cot","VNKBR",NA,2019-11-19
"136",136,"42070_1#214","42070_1#214","Klebsiella pneumoniae","ST35","CIS13NB1","Neonate's cot","VHSCZ",NA,2019-10-03
"137",137,"42139_1#307","42139_1#307","Klebsiella pneumoniae","ST101","CIT142B1","Neonate's cot","VZBKN",NA,2020-01-20
"138",138,"42756_3#60","42756_3#60","Klebsiella pneumoniae","ST39","CIV108E6","Ward surfaces",NA,NA,2019-09-09
"139",139,"42756_2#243","42756_2#243","Klebsiella pneumoniae","ST2793","CIV103E7","Ward surfaces",NA,NA,2019-08-26
"140",140,"42756_3#157","42756_3#157","Klebsiella pneumoniae","ST340","CIV113E3","Ward surfaces",NA,NA,2019-11-18
"141",141,"42756_3#143","42756_3#143","Klebsiella pneumoniae","ST567","CIV10XE6","Ward surfaces",NA,NA,2019-11-04
"142",142,"42139_1#188","42139_1#188","Klebsiella pneumoniae","ST3132","CIT102S1","Neonate's stool","HZBCR",NA,2019-08-09
"143",143,"47963_2#110","47963_2#110","Klebsiella pneumoniae","ST15","CIV135E3","Ward surfaces",NA,NA,2019-12-09
"144",144,"42756_2#144","42756_2#144","Klebsiella pneumoniae","ST39","CIV10FE1","Ward surfaces",NA,NA,2019-08-12
"145",145,"47963_2#111","47963_2#111","Klebsiella pneumoniae","ST2167","CIU13PB1","Neonate's cot","ZVDHR",NA,2020-01-14
"146",146,"42756_2#30","42756_2#30","Klebsiella pneumoniae","ST307","CIV13VE7","Ward surfaces",NA,NA,2020-03-02
"147",147,"42139_1#121","42139_1#121","Klebsiella pneumoniae","ST45","CIU145B1","Neonate's cot","CDVKN",NA,2020-03-04
"148",148,"42756_2#346","42756_2#346","Klebsiella pneumoniae","ST152","CIV13IE1","Ward surfaces",NA,NA,2020-01-27
"149",149,"42756_2#265","42756_2#265","Klebsiella pneumoniae","ST14","CIV10QE2","Ward surfaces",NA,NA,2019-10-07
"150",150,"42756_2#285","42756_2#285","Klebsiella pneumoniae","ST48","CIV13IE7","Ward surfaces",NA,NA,2020-01-27
"151",151,"42070_1#216","42070_1#216","Klebsiella pneumoniae","ST35","CIU10DB1","Neonate's cot","RCNVH",NA,2019-09-17
"152",152,"42756_2#328","42756_2#328","Klebsiella pneumoniae","ST307","CIV13B_K","Ward surfaces",NA,NA,NA
"153",153,"42139_1#283","42139_1#283","Klebsiella pneumoniae","ST3132","CIS105S1","Neonate's stool","HZBCR",NA,2019-08-06
"154",154,"42756_2#184","42756_2#184","Klebsiella pneumoniae","ST39","CIV10FE5","Ward surfaces",NA,NA,2019-08-12
"155",155,"47963_2#138","47963_2#138","Klebsiella pneumoniae","ST307","CIV139E9","Ward surfaces",NA,NA,2020-01-06
"156",156,"42139_1#212","42139_1#212","Klebsiella pneumoniae","ST1799","CIU107S1","Neonate's stool","BDHVR",NA,2019-08-23
"157",157,"42601_1#183","42601_1#183","Klebsiella pneumoniae","ST307","CIV116E5","Ward surfaces",NA,NA,2019-11-25
"158",158,"42139_1#146","42139_1#146","Klebsiella pneumoniae","ST307","CIU141S1","Neonate's stool","NKRSD",NA,2020-02-24
"159",159,"42139_1#85","42139_1#85","Klebsiella pneumoniae","ST17","CIS15JS1","Neonate's stool","HCSND",NA,2020-03-06
"160",160,"42139_1#311","42139_1#311","Klebsiella pneumoniae","ST15","CIS14FB1","Neonate's cot","CNRVK",NA,2019-11-26
"161",161,"42139_1#192","42139_1#192","Klebsiella pneumoniae","ST3132","CIU103S1","Neonate's stool","NZKSH",NA,2019-08-12
"162",162,"42756_3#48","42756_3#48","Klebsiella pneumoniae","ST14","CIV10PE2","Ward surfaces",NA,NA,2019-10-07
"163",163,"43416_2#220","43416_2#220","Klebsiella pneumoniae","ST551","CIV10ME9","Ward surfaces",NA,NA,2019-09-16
"164",164,"42756_2#316","42756_2#316","Klebsiella pneumoniae","ST307","CIV13BE2","Ward surfaces",NA,NA,2020-01-13
"165",165,"42139_1#294","42139_1#294","Klebsiella pneumoniae","ST307","CIU10ES1","Neonate's stool","VHSCZ",NA,2019-10-11
"166",166,"43416_2#237","43416_2#237","Klebsiella pneumoniae","ST129","CIT140S2","Mother's stool","98271",NA,2020-01-13
"167",167,"42139_1#338","42139_1#338","Klebsiella pneumoniae","ST29","CIS14ZB1","Neonate's cot","KHSBN",NA,2020-01-27
"168",168,"42756_2#190","42756_2#190","Klebsiella pneumoniae","ST54","CIT13LH1","Mother's hands","46279",NA,2019-11-08
"169",169,"42139_1#361","42139_1#361","Klebsiella pneumoniae","ST567","CIS13YB1","Neonate's cot","BZCHV",NA,2019-10-30
"170",170,"47963_2#171","47963_2#171","Klebsiella pneumoniae","ST29","CIV116E1","Ward surfaces",NA,NA,2019-11-25
"171",171,"42139_1#298","42139_1#298","Klebsiella pneumoniae","ST15","CIU13RB1","Neonate's cot","CRNDB",NA,2020-01-22
"172",172,"42139_1#191","42139_1#191","Klebsiella pneumoniae","ST584","CIS16LB1","Neonate's cot","SRBDC",NA,2020-03-23
"173",173,"42139_1#51","42139_1#51","Klebsiella pneumoniae","ST6","CIT153S2","Mother's stool","72395",NA,2020-02-13
"174",174,"47963_2#109","47963_2#109","Klebsiella pneumoniae","ST2167","CIT140H1","Mother's hands","98271",NA,2020-01-13
"175",175,"42139_1#277","42139_1#277","Klebsiella pneumoniae","ST35","CIT10FS1","Neonate's stool","BRSDC",NA,2019-10-14
"176",176,"43416_2#142","43416_2#142","Klebsiella pneumoniae","ST8","CIT141H1","Mother's hands","76021",NA,2020-01-16
"177",177,"42756_2#215","42756_2#215","Klebsiella pneumoniae","ST15","CIV111E2","Ward surfaces",NA,NA,2019-11-11
"178",178,"43416_2#186","43416_2#186","Klebsiella pneumoniae","ST307","CIV13YE3","Ward surfaces",NA,NA,2020-03-09
"179",179,"42756_2#268","42756_2#268","Klebsiella pneumoniae","ST39","CIV13CE7","Ward surfaces",NA,NA,2020-01-13
"180",180,"43416_2#100","43416_2#100","Klebsiella pneumoniae","ST307","CIV138E4","Ward surfaces",NA,NA,2020-01-06
"181",181,"43416_2#264","43416_2#264","Klebsiella pneumoniae","ST147","CIU13QH1","Mother's hands","76021",NA,2020-01-20
"182",182,"42139_1#317","42139_1#317","Klebsiella pneumoniae","ST101","CIS149S1","Neonate's stool","NCSRK",NA,2019-11-19
"183",183,"47963_2#176","47963_2#176","Klebsiella pneumoniae","ST15","CIV13YE6","Ward surfaces",NA,NA,2020-03-09
"184",184,"42139_1#249","42139_1#249","Klebsiella pneumoniae","ST584","CIS16LS2","Mother's stool","28630",NA,2020-03-23
"185",185,"47963_2#229","47963_2#229","Klebsiella pneumoniae","ST2793","CIV114E2","Ward surfaces",NA,NA,2019-11-18
"186",186,"43416_2#226","43416_2#226","Klebsiella pneumoniae","ST966","CIV10DES","Ward surfaces",NA,NA,NA
"187",187,"47963_2#269","47963_2#269","Klebsiella pneumoniae","ST307","CIV10UE5","Ward surfaces",NA,NA,2019-10-21
"188",188,"47963_2#108","47963_2#108","Klebsiella pneumoniae","ST48","CIV13EE5","Ward surfaces",NA,NA,2020-01-20
"189",189,"42139_1#31","42139_1#31","Klebsiella pneumoniae","ST584","CIS16NC1","Swaddling cloth","RNSKD",NA,2020-03-24
"190",190,"42601_1#169","42601_1#169","Klebsiella pneumoniae","ST101","CIV116E7","Ward surfaces",NA,NA,2019-11-25
"191",191,"47963_2#207","47963_2#207","Klebsiella pneumoniae","ST307","CIV130E4","Ward surfaces",NA,NA,2019-11-25
"192",192,"42139_1#214","42139_1#214","Klebsiella pneumoniae","ST15","CIU13WB1","Neonate's cot","NVSBH",NA,2020-02-17
"193",193,"42756_2#110","42756_2#110","Klebsiella pneumoniae","ST307","CIV13VU1","Ward surfaces",NA,NA,2020-03-02
"194",194,"42756_2#177","42756_2#177","Klebsiella pneumoniae","ST17","CIV108U1","Ward surfaces",NA,NA,2019-09-09
"195",195,"42756_2#21","42756_2#21","Klebsiella pneumoniae","ST340","CIV115E6","Ward surfaces",NA,NA,2019-11-18
"196",196,"42139_1#296","42139_1#296","Klebsiella pneumoniae","ST129","CIU10KB1","Neonate's cot","DHCKN",NA,2019-11-11
"197",197,"42139_1#32","42139_1#32","Klebsiella pneumoniae","ST514","CIT152B1","Neonate's cot","VNKRD",NA,2020-02-04
"198",198,"42756_2#249","42756_2#249","Klebsiella pneumoniae","ST307","CIS14JH1","Mother's hands","81247",NA,2019-12-05
"199",199,"42139_1#216","42139_1#216","Klebsiella pneumoniae","ST4327","CIU13YS2","Mother's stool","51648",NA,2020-02-19
"200",200,"42756_2#103","42756_2#103","Klebsiella pneumoniae","ST129","CIV13HE7","Ward surfaces",NA,NA,2020-01-27
"201",201,"42601_1#167","42601_1#167","Klebsiella pneumoniae","ST1552","CIU105S2","Mother's stool","91568",NA,2019-08-21
"202",202,"42756_2#106","42756_2#106","Klebsiella pneumoniae","ST307","CIV13VE6","Ward surfaces",NA,NA,2020-03-02
"203",203,"42139_1#184","42139_1#184","Klebsiella pneumoniae","ST2793","CIT101S1","Neonate's stool","NZKSH",NA,2019-08-09
"204",204,"42756_2#305","42756_2#305","Klebsiella pneumoniae","ST129","CIV135E4","Ward surfaces",NA,NA,2019-12-09
"205",205,"47963_2#225","47963_2#225","Klebsiella pneumoniae","ST307","CIV130U1","Ward surfaces",NA,NA,2019-11-25
"206",206,"47963_2#137","47963_2#137","Klebsiella pneumoniae","ST2668","CIT15AS2","Mother's stool","16520",NA,2020-02-28
"207",207,"42756_3#107","42756_3#107","Klebsiella pneumoniae","ST2793","CIV10DE9","Ward surfaces",NA,NA,2019-08-05
"208",208,"43416_2#206","43416_2#206","Klebsiella pneumoniae","ST3559","CIV13XE7","Ward surfaces",NA,NA,2020-03-09
"209",209,"42139_1#113","42139_1#113","Klebsiella pneumoniae","ST15","CIT15BS1","Neonate's stool","DZKSR",NA,2020-03-05
"210",210,"43416_2#33","43416_2#33","Klebsiella pneumoniae","ST17","CIV101E1","Ward surfaces",NA,NA,NA
"211",211,"47963_2#168","47963_2#168","Klebsiella pneumoniae","ST26-1LV","CIV13XE5","Ward surfaces",NA,NA,2020-03-09
"212",212,"42139_1#272","42139_1#272","Klebsiella pneumoniae","ST15","CIT10FB1","Neonate's cot","BRSDC",NA,2019-10-14
"213",213,"42070_1#188","42070_1#188","Klebsiella pneumoniae","ST35","CIT10DB1","Neonate's cot","VHSCZ",NA,2019-10-07
"214",214,"42139_1#26","42139_1#26","Klebsiella pneumoniae","ST15","CIS152B1","Neonate's cot","NVSBH",NA,2020-02-10
"215",215,"42756_2#258","42756_2#258","Klebsiella pneumoniae","ST14","CIV10PE5","Ward surfaces",NA,NA,2019-10-07
"216",216,"47963_2#335","47963_2#335","Klebsiella pneumoniae","ST17","CIV10ME2","Ward surfaces",NA,NA,2019-09-16
"217",217,"42756_3#127","42756_3#127","Klebsiella pneumoniae","ST14","CIV10ME6","Ward surfaces",NA,NA,2019-09-16
"218",218,"43416_2#247","43416_2#247","Klebsiella pneumoniae","ST307","CIV13YE4","Ward surfaces",NA,NA,2020-03-09
"219",219,"43416_2#162","43416_2#162","Klebsiella pneumoniae","ST340","CIV113E9","Ward surfaces",NA,NA,2019-11-18
"220",220,"42756_2#180","42756_2#180","Klebsiella pneumoniae","ST307","CIV13C_K","Ward surfaces",NA,NA,NA
"221",221,"43416_2#94","43416_2#94","Klebsiella pneumoniae","ST25","CIV138E9","Ward surfaces",NA,NA,2020-01-06
"222",222,"47963_2#323","47963_2#323","Klebsiella pneumoniae","ST2793","CIV10JE8","Ward surfaces",NA,NA,2019-08-19
"223",223,"43416_2#123","43416_2#123","Klebsiella pneumoniae","ST307","CIV139U1","Ward surfaces",NA,NA,2020-01-06
"224",224,"43416_2#70","43416_2#70","Klebsiella pneumoniae","ST15","CIV114E9","Ward surfaces",NA,NA,NA
"225",225,"42070_1#242","42070_1#242","Klebsiella pneumoniae","ST2793","CIS10GH1","Mother's hands","49681",NA,2019-08-27
"226",226,"43416_2#144","43416_2#144","Klebsiella pneumoniae","ST37","CIT141S2","Mother's stool","76021",NA,2020-01-16
"227",227,"43416_2#130","43416_2#130","Klebsiella pneumoniae","ST4083","CIS14WB1","Neonate's cot","ZSKBD",NA,2020-01-24
"228",228,"42139_1#323","42139_1#323","Klebsiella pneumoniae","ST307","CIS14BC1","Swaddling cloth","ZSHVR",NA,2019-11-22
"229",229,"47963_2#69","47963_2#69","Klebsiella pneumoniae","ST35","CIV10ME4","Ward surfaces",NA,NA,2019-09-16
"230",230,"42756_2#183","42756_2#183","Klebsiella pneumoniae","ST86","CIT10KH1","Mother's hands","43012",NA,2019-11-04
"231",231,"42756_2#206","42756_2#206","Klebsiella pneumoniae","ST307","CIV13BE6","Ward surfaces",NA,NA,2020-01-13
"232",232,"42139_1#56","42139_1#56","Klebsiella pneumoniae","ST17","CIT10GB1","Neonate's cot","RKDNZ",NA,2019-10-24
"233",233,"42139_1#189","42139_1#189","Klebsiella pneumoniae","ST307","CIS15LB1","Neonate's cot","RKSDC",NA,2020-03-12
"234",234,"43416_2#165","43416_2#165","Klebsiella pneumoniae","ST54","CIV113E9","Ward surfaces",NA,NA,2019-11-18
"235",235,"42139_1#59","42139_1#59","Klebsiella pneumoniae","ST348","CIS15EB1","Neonate's cot","CDVKN",NA,2020-02-27
"236",236,"42139_1#240","42139_1#240","Klebsiella pneumoniae","ST399","CIS149B1","Neonate's cot","NCSRK",NA,2019-11-18
"237",237,"42139_1#308","42139_1#308","Klebsiella pneumoniae","ST2268","CIS155C1","Swaddling cloth","HRVKZ",NA,2020-02-14
"238",238,"47963_2#16","47963_2#16","Klebsiella pneumoniae","ST15","CIV13LE6","Ward surfaces",NA,NA,2020-02-04
"239",239,"43416_2#173","43416_2#173","Klebsiella pneumoniae","ST307","CIV132U1","Ward surfaces",NA,NA,2019-12-02
"240",240,"42756_3#163","42756_3#163","Klebsiella pneumoniae","ST567","CIV132E6","Ward surfaces",NA,NA,2019-12-02
"241",241,"47963_2#231","47963_2#231","Klebsiella pneumoniae","ST1106","CIT109S1","Neonate's stool","VCZRH",NA,2019-08-30
"242",242,"42756_3#56","42756_3#56","Klebsiella pneumoniae","ST35","CIV108E9","Ward surfaces",NA,NA,2019-09-09
"243",243,"42756_2#257","42756_2#257","Klebsiella pneumoniae","ST101","CIU13TH1","Mother's hands","96452",NA,2020-01-24
"244",244,"42601_1#135","42601_1#135","Klebsiella pneumoniae","ST394","CIV10BE8","Ward surfaces",NA,NA,2019-07-29
"245",245,"43416_2#136","43416_2#136","Klebsiella pneumoniae","ST101","CIV130E3","Ward surfaces",NA,NA,2019-11-25
"246",246,"42756_3#183","42756_3#183","Klebsiella pneumoniae","ST101","CIV13KE2","Ward surfaces",NA,NA,2020-02-04
"247",247,"47963_2#321","47963_2#321","Klebsiella pneumoniae","ST1106","CIV106U1","Ward surfaces",NA,NA,2019-09-02
"248",248,"42601_1#99","42601_1#99","Klebsiella pneumoniae","ST17","CIU148H1","Mother's hands","43705",NA,2020-03-13
"249",249,"43416_2#55","43416_2#55","Klebsiella pneumoniae","ST39","CIV101E1","Ward surfaces",NA,NA,NA
"250",250,"47963_2#331","47963_2#331","Klebsiella pneumoniae","ST2793","CIV10LE4","Ward surfaces",NA,NA,2019-09-16
"251",251,"42070_1#276","42070_1#276","Klebsiella pneumoniae","ST35","CIT10FS2","Mother's stool","86132",NA,2019-10-14
"252",252,"42139_1#252","42139_1#252","Klebsiella pneumoniae","ST692","CIU13YH1","Mother's hands","51648",NA,2020-02-19
"253",253,"42601_1#188","42601_1#188","Klebsiella pneumoniae","ST17","CIV116E5","Ward surfaces",NA,NA,2019-11-25
"254",254,"42139_1#22","42139_1#22","Klebsiella pneumoniae","ST29","CIT13LB1","Neonate's cot","DHCKN",NA,2019-11-08
"255",255,"42139_1#157","42139_1#157","Klebsiella pneumoniae","ST101","CIU13JB1","Neonate's cot","NCSRK",NA,2019-11-26
"256",256,"42139_1#241","42139_1#241","Klebsiella pneumoniae","ST15","CIT13TS1","Neonate's stool","CNRVK",NA,2019-11-28
"257",257,"47963_2#139","47963_2#139","Klebsiella pneumoniae","ST215","CIV106E2","Ward surfaces",NA,NA,2019-09-02
"258",258,"42070_1#244","42070_1#244","Klebsiella pneumoniae","ST3132","CIU10GB1","Neonate's cot","RKDNZ",NA,2019-10-28
"259",259,"42139_1#312","42139_1#312","Klebsiella pneumoniae","ST340","CIS14FS1","Neonate's stool","CNRVK",NA,2019-11-26
"260",260,"47963_2#233","47963_2#233","Klebsiella pneumoniae","ST14","CIV114E5","Ward surfaces",NA,NA,2019-11-18
"261",261,"42756_2#161","42756_2#161","Klebsiella pneumoniae","ST48","CIT10IH1","Mother's hands","83719",NA,2019-10-25
"262",262,"42756_2#242","42756_2#242","Klebsiella pneumoniae","ST15","CIU13NH1","Mother's hands","40592",NA,2019-12-02
"263",263,"42139_1#223","42139_1#223","Klebsiella pneumoniae","ST15","CIT13TB1","Neonate's cot","CNRVK",NA,2019-11-28
"264",264,"42139_1#302","42139_1#302","Klebsiella pneumoniae","ST3132","CIS13MC1","Swaddling cloth","DSKZH",NA,2019-09-12
"265",265,"42139_1#345","42139_1#345","Klebsiella pneumoniae","ST716","CIT10JS2","Mother's stool","62380",NA,2019-11-01
"266",266,"42139_1#246","42139_1#246","Klebsiella pneumoniae","ST15","CIU146H1","Mother's hands","59380",NA,2020-03-06
"267",267,"47963_2#259","47963_2#259","Klebsiella pneumoniae","ST29","CIV10TE8","Ward surfaces",NA,NA,2019-10-14
"268",268,"47963_2#174","47963_2#174","Klebsiella pneumoniae","ST15","CIV13QE4","Ward surfaces",NA,NA,2020-02-17
"269",269,"42139_1#120","42139_1#120","Klebsiella pneumoniae","ST692","CIU13YB1","Neonate's cot","NKZCV",NA,2020-02-19
"270",270,"42756_3#131","42756_3#131","Klebsiella pneumoniae","ST3559","CIV10IE7","Ward surfaces",NA,NA,2019-08-19
"271",271,"43416_2#166","43416_2#166","Klebsiella pneumoniae","ST1799","CIV105E2","Ward surfaces",NA,NA,2019-09-02
"272",272,"47963_2#195","47963_2#195","Klebsiella pneumoniae","ST1418","CIV131E6","Ward surfaces",NA,NA,2019-11-25
"273",273,"43416_2#61","43416_2#61","Klebsiella pneumoniae","ST3132","CIV10MU1","Ward surfaces",NA,NA,2019-09-16
"274",274,"43416_2#115","43416_2#115","Klebsiella pneumoniae","ST17","CIV138E7","Ward surfaces",NA,NA,2020-01-06
"275",275,"42756_3#139","42756_3#139","Klebsiella pneumoniae","ST2793","CIV10TE1","Ward surfaces",NA,NA,2019-10-14
"276",276,"43416_2#202","43416_2#202","Klebsiella pneumoniae","ST17","CIV106E1","Ward surfaces",NA,NA,2019-09-02
"277",277,"42139_1#210","42139_1#210","Klebsiella pneumoniae","ST2793","CIU104S1","Neonate's stool","HZBCR",NA,2019-08-12
"278",278,"43416_2#111","43416_2#111","Klebsiella pneumoniae","ST147","CIU13QS1","Neonate's stool","DVRZC",NA,2020-01-20
"279",279,"43416_2#145","43416_2#145","Klebsiella pneumoniae","ST323","CIV10YE2","Ward surfaces",NA,NA,2019-11-04
"280",280,"42756_3#151","42756_3#151","Klebsiella pneumoniae","ST567","CIV113E6","Ward surfaces",NA,NA,2019-11-18
"281",281,"42139_1#343","42139_1#343","Klebsiella pneumoniae","ST15","CIU13WS2","Mother's stool","72395",NA,2020-02-17
"282",282,"42139_1#160","42139_1#160","Klebsiella pneumoniae","ST39","CIS109B1","Neonate's cot","KZRVC",NA,2019-08-13
"283",283,"47963_2#301","47963_2#301","Klebsiella pneumoniae","ST26-1LV","CIV10UE5","Ward surfaces",NA,NA,2019-10-21
"284",284,"42756_2#195","42756_2#195","Klebsiella pneumoniae","ST39","CIV10GU1","Ward surfaces",NA,NA,2019-08-12
"285",285,"47963_2#193","47963_2#193","Klebsiella pneumoniae","ST15","CIV116U1","Ward surfaces",NA,NA,2019-11-25
"286",286,"42756_2#148","42756_2#148","Klebsiella pneumoniae","ST39","CIV10FE2","Ward surfaces",NA,NA,2019-08-12
"287",287,"42601_1#41","42601_1#41","Klebsiella pneumoniae","ST307","CIU141H1","Mother's hands","80945",NA,2020-02-24
"288",288,"42139_1#358","42139_1#358","Klebsiella pneumoniae","ST1552","CIS13UB1","Neonate's cot","HRDBZ",NA,2019-10-21
"289",289,"43416_2#16","43416_2#16","Klebsiella pneumoniae","ST101","CIV10YE9","Ward surfaces",NA,NA,NA
"290",290,"47963_2#66","47963_2#66","Klebsiella pneumoniae","ST101","CIV13PU1","Ward surfaces",NA,NA,2020-02-17
"291",291,"42139_1#180","42139_1#180","Klebsiella pneumoniae","ST607","CIT100B1","Neonate's cot","CNVBK",NA,2019-08-02
"292",292,"42756_2#133","42756_2#133","Klebsiella pneumoniae","ST307","CIV13PE6","Ward surfaces",NA,NA,2020-02-17
"293",293,"42139_1#151","42139_1#151","Klebsiella pneumoniae","ST29","CIT13QS1","Neonate's stool","VNKBR",NA,2019-11-22
"294",294,"42139_1#178","42139_1#178","Klebsiella pneumoniae","ST3132","CIS10AB1","Neonate's cot","DCBKN",NA,2019-08-14
"295",295,"42756_2#307","42756_2#307","Klebsiella pneumoniae","ST15","CIV135E5","Ward surfaces",NA,NA,2019-12-09
"296",296,"42139_1#119","42139_1#119","Klebsiella pneumoniae","ST17","CIU144B1","Neonate's cot","ZKRHC",NA,2020-03-02
"297",297,"42601_1#132","42601_1#132","Klebsiella pneumoniae","ST394","CIV10BE7","Ward surfaces",NA,NA,2019-07-29
"298",298,"42139_1#351","42139_1#351","Klebsiella pneumoniae","ST2268","CIS15JC1","Swaddling cloth","HCSND",NA,2020-03-06
"299",299,"47963_2#98","47963_2#98","Klebsiella pneumoniae","ST15","CIV135U1","Ward surfaces",NA,NA,2019-12-09
"300",300,"47963_2#226","47963_2#226","Klebsiella pneumoniae","ST15","CIV13RE6","Ward surfaces",NA,NA,2020-02-24
"301",301,"42070_1#250","42070_1#250","Klebsiella pneumoniae","ST35","CIU10FS1","Neonate's stool","BRSDC",NA,2019-10-16
"302",302,"43416_2#143","43416_2#143","Klebsiella pneumoniae","ST3559","CIV133E3","Ward surfaces",NA,NA,2019-12-02
"303",303,"42139_1#219","42139_1#219","Klebsiella pneumoniae","ST26-1LV","CIU147B1","Neonate's cot","ZRBDK",NA,2020-03-09
"304",304,"42756_2#269","42756_2#269","Klebsiella pneumoniae","ST14","CIV10QE4","Ward surfaces",NA,NA,2019-10-07
"305",305,"42601_1#96","42601_1#96","Klebsiella pneumoniae","ST584","CIT15EH1","Mother's hands","2671",NA,2020-03-09
"306",306,"43416_2#259","43416_2#259","Klebsiella pneumoniae","ST628","CIV13RE8","Ward surfaces",NA,NA,2020-02-24
"307",307,"43416_2#39","43416_2#39","Klebsiella pneumoniae","ST340","CIS144B1","Neonate's cot","DBCSR",NA,2019-11-11
"308",308,"47963_2#325","47963_2#325","Klebsiella pneumoniae","ST15","CIV10PE2","Ward surfaces",NA,NA,2019-10-07
"309",309,"47963_2#166","47963_2#166","Klebsiella pneumoniae","ST29-1LV","CIV13YE2","Ward surfaces",NA,NA,2020-03-09
"310",310,"42139_1#82","42139_1#82","Klebsiella pneumoniae","ST4083","CIT10KS1","Neonate's stool","ZNHVD",NA,2019-11-04
"311",311,"43416_2#146","43416_2#146","Klebsiella pneumoniae","ST607","CIS101C1","Swaddling cloth","ZCNRV",NA,2019-07-29
"312",312,"42756_2#261","42756_2#261","Klebsiella pneumoniae","ST14","CIV10QE1","Ward surfaces",NA,NA,2019-10-07
"313",313,"42139_1#250","42139_1#250","Klebsiella pneumoniae","ST307","CIT157H1","Mother's hands","80945",NA,2020-02-21
"314",314,"42139_1#5","42139_1#5","Klebsiella pneumoniae","ST340","CIT156S2","Mother's stool","67045",NA,2020-02-17
"315",315,"42139_1#255","42139_1#255","Klebsiella pneumoniae","ST15","CIU13MS1","Neonate's stool","ZNBHC",NA,2019-11-29
"316",316,"42139_1#347","42139_1#347","Klebsiella pneumoniae","ST39","CIT157S2","Mother's stool","80945",NA,2020-02-21
"317",317,"47963_2#235","47963_2#235","Klebsiella pneumoniae","ST15","CIV10SE7","Ward surfaces",NA,NA,2019-10-14
"318",318,"42756_2#176","42756_2#176","Klebsiella pneumoniae","ST48","CIU10HH1","Mother's hands","83719",NA,2019-10-29
"319",319,"42601_1#85","42601_1#85","Klebsiella pneumoniae","ST15","CIV136E8","Ward surfaces",NA,NA,2019-12-09
"320",320,"42070_1#254","42070_1#254","Klebsiella pneumoniae","ST35","CIU10FB1","Neonate's cot","BRSDC",NA,2019-10-16
"321",321,"42139_1#268","42139_1#268","Klebsiella pneumoniae","ST14","CIT107B1","Neonate's cot","NVRSB",NA,2019-08-30
"322",322,"42139_1#123","42139_1#123","Klebsiella pneumoniae","ST45","CIU145S1","Neonate's stool","CDVKN",NA,2020-03-04
"323",323,"42139_1#181","42139_1#181","Klebsiella pneumoniae","ST101","CIT13PB1","Neonate's cot","NCSRK",NA,2019-11-22
"324",324,"42601_1#39","42601_1#39","Klebsiella pneumoniae","ST48","CIV13IE3","Ward surfaces",NA,NA,2020-01-27
"325",325,"42756_3#66","42756_3#66","Klebsiella pneumoniae","ST3132","CIV109E6","Ward surfaces",NA,NA,2019-09-09
"326",326,"42601_1#71","42601_1#71","Klebsiella pneumoniae","ST101","CIV13QE3","Ward surfaces",NA,NA,2020-02-17
"327",327,"47963_2#48","47963_2#48","Klebsiella pneumoniae","ST15","CIV13PE5","Ward surfaces",NA,NA,2020-02-17
"328",328,"47963_2#263","47963_2#263","Klebsiella pneumoniae","ST2793","CIV10VE4","Ward surfaces",NA,NA,2019-10-21
"329",329,"42070_1#248","42070_1#248","Klebsiella pneumoniae","ST3108-1LV","CIU10FS2","Mother's stool","86132",NA,2019-10-16
"330",330,"42139_1#251","42139_1#251","Klebsiella pneumoniae","ST2570","CIT158S2","Mother's stool","35067",NA,2020-02-28
"331",331,"47963_2#237","47963_2#237","Klebsiella pneumoniae","ST17","CIV13LE7","Ward surfaces",NA,NA,NA
"332",332,"42756_2#181","42756_2#181","Klebsiella pneumoniae","ST3132","CIV109E3","Ward surfaces",NA,NA,2019-09-09
"333",333,"42139_1#96","42139_1#96","Klebsiella pneumoniae","ST307","CIT157S1","Neonate's stool","NKRSD",NA,2020-02-21
"334",334,"43416_2#219","43416_2#219","Klebsiella pneumoniae","ST307","CIV13SE4","Ward surfaces",NA,NA,2020-02-24
"335",335,"42756_3#76","42756_3#76","Klebsiella pneumoniae","ST307","CIV13EE6","Ward surfaces",NA,NA,2020-01-20
"336",336,"42756_2#280","42756_2#280","Klebsiella pneumoniae","ST17","CIT152H1","Mother's hands","35801",NA,2020-02-04
"337",337,"43416_2#231","43416_2#231","Klebsiella pneumoniae","ST966","CIV10DE3","Ward surfaces",NA,NA,2019-08-05
"338",338,"42139_1#126","42139_1#126","Klebsiella pneumoniae","ST39","CIU140S1","Neonate's stool","ZDVSC",NA,2020-02-21
"339",339,"42601_1#160","42601_1#160","Klebsiella pneumoniae","ST1799","CIT101S2","Mother's stool","29476",NA,2019-08-09
"340",340,"47963_2#72","47963_2#72","Klebsiella pneumoniae","ST101","CIT13VS1","Neonate's stool","ZVRKS",NA,2019-11-02
"341",341,"42139_1#359","42139_1#359","Klebsiella pneumoniae","ST607","CIS13WB1","Neonate's cot","BVZKS",NA,2019-10-22
"342",342,"42601_1#175","42601_1#175","Klebsiella pneumoniae","ST307","CIV116E9","Ward surfaces",NA,NA,2019-11-25
"343",343,"42139_1#242","42139_1#242","Klebsiella pneumoniae","ST3132","CIS14BH1","Mother's hands","61792",NA,2019-11-22
"344",344,"42139_1#186","42139_1#186","Klebsiella pneumoniae","ST3132","CIT102B1","Neonate's cot","HZBCR",NA,2019-08-09
"345",345,"42756_2#141","42756_2#141","Klebsiella pneumoniae","ST551","CIV110E4","Ward surfaces",NA,NA,2019-11-11
"346",346,"42601_1#91","42601_1#91","Klebsiella pneumoniae","ST17","CIT15DH1","Mother's hands","43705",NA,2020-03-09
"347",347,"42756_3#88","42756_3#88","Klebsiella pneumoniae","ST101","CIV13PE2","Ward surfaces",NA,NA,2020-02-17
"348",348,"42139_1#185","42139_1#185","Klebsiella pneumoniae","ST307","CIS15JB1","Neonate's cot","HCSND",NA,2020-03-06
"349",349,"42756_2#338","42756_2#338","Klebsiella pneumoniae","ST129","CIV13CU1","Ward surfaces",NA,NA,2020-01-13
"350",350,"42139_1#63","42139_1#63","Klebsiella pneumoniae","ST15","CIS15GS1","Neonate's stool","DZKSR",NA,2020-03-02
"351",351,"42601_1#147","42601_1#147","Klebsiella pneumoniae","ST1427","CIV10BE5","Ward surfaces",NA,NA,2019-07-29
"352",352,"47963_2#196","47963_2#196","Klebsiella pneumoniae","ST26-1LV","CIV13XE8","Ward surfaces",NA,NA,2020-03-09
"353",353,"42139_1#190","42139_1#190","Klebsiella pneumoniae","ST2793","CIU102B1","Neonate's cot","CNVBK",NA,2019-08-05
"354",354,"42139_1#53","42139_1#53","Klebsiella pneumoniae","ST17","CIU144S2","Mother's stool","28691",NA,2020-03-02
"355",355,"47963_2#143","47963_2#143","Klebsiella pneumoniae","ST551","CIV111E1","Ward surfaces",NA,NA,2019-11-11
"356",356,"47963_2#186","47963_2#186","Klebsiella pneumoniae","ST15","CIV133E8","Ward surfaces",NA,NA,2019-12-02
"357",357,"43416_2#108","43416_2#108","Klebsiella pneumoniae","ST48","CIV13DE5","Ward surfaces",NA,NA,2020-01-20
"358",358,"43416_2#235","43416_2#235","Klebsiella pneumoniae","ST48","CIV13EU1","Ward surfaces",NA,NA,2020-01-20
"359",359,"43416_2#152","43416_2#152","Klebsiella pneumoniae","ST607","CIS101H1","Mother's hands","51837",NA,2019-07-29
"360",360,"43416_2#253","43416_2#253","Klebsiella pneumoniae","ST607","CIV13NE3","Ward surfaces",NA,NA,NA
"361",361,"43416_2#67","43416_2#67","Klebsiella pneumoniae","ST14","CIV10YE3","Ward surfaces",NA,NA,2019-11-04
"362",362,"42139_1#50","42139_1#50","Klebsiella pneumoniae","ST15","CIT153S1","Neonate's stool","NVSBH",NA,2020-02-13
"363",363,"47963_2#201","47963_2#201","Klebsiella pneumoniae","ST15","CIV10YE6","Ward surfaces",NA,NA,2019-11-04
"364",364,"47963_2#265","47963_2#265","Klebsiella pneumoniae","ST307","CIV10UE8","Ward surfaces",NA,NA,2019-10-21
"365",365,"42139_1#238","42139_1#238","Klebsiella pneumoniae","ST15","CIS10GB1","Neonate's cot","DRZVB",NA,2019-08-27
"366",366,"47963_2#4","47963_2#4","Klebsiella pneumoniae","ST15","CIV13KU1","Ward surfaces",NA,NA,2020-02-04
"367",367,"42139_1#7","42139_1#7","Klebsiella pneumoniae","ST2268","CIT155S2","Mother's stool","62817",NA,2020-02-17
"368",368,"42139_1#57","42139_1#57","Klebsiella pneumoniae","ST348","CIS15BB1","Neonate's cot","ZKRHC",NA,2020-02-26
"369",369,"42756_2#191","42756_2#191","Klebsiella pneumoniae","ST39","CIV10GE7","Ward surfaces",NA,NA,2019-08-12
"370",370,"42756_2#18","42756_2#18","Klebsiella pneumoniae","ST198","CIV111U1","Ward surfaces",NA,NA,2019-11-11
"371",371,"42070_1#280","42070_1#280","Klebsiella pneumoniae","ST20","CIT10EH1","Mother's hands","26980",NA,2019-10-11
"372",372,"42601_1#19","42601_1#19","Klebsiella pneumoniae","ST15","CIS156S2","Mother's stool","62817",NA,2020-02-14
"373",373,"42139_1#91","42139_1#91","Klebsiella pneumoniae","ST15","CIT15BB1","Neonate's cot","DZKSR",NA,2020-03-05
"374",374,"42070_2#49","42070_2#49","Klebsiella pneumoniae","ST34","CIS13VH1","Mother's hands","27493",NA,2019-10-21
"375",375,"42756_2#118","42756_2#118","Klebsiella pneumoniae","ST307","CIV13QE2","Ward surfaces",NA,NA,2020-02-17
"376",376,"42756_2#260","42756_2#260","Klebsiella pneumoniae","ST17","CIV13CE1","Ward surfaces",NA,NA,2020-01-13
"377",377,"42756_3#122","42756_3#122","Klebsiella pneumoniae","ST551","CIV10LE3","Ward surfaces",NA,NA,2019-09-16
"378",378,"42139_1#248","42139_1#248","Klebsiella pneumoniae","ST307","CIU140H1","Mother's hands","62817",NA,2020-02-21
"379",379,"42139_1#94","42139_1#94","Klebsiella pneumoniae","ST15","CIT156S1","Neonate's stool","HRVKZ",NA,2020-02-17
"380",380,"42756_3#155","42756_3#155","Klebsiella pneumoniae","ST307","CIV113E4","Ward surfaces",NA,NA,2019-11-18
"381",381,"42601_1#27","42601_1#27","Klebsiella pneumoniae","ST307","CIV13HE4","Ward surfaces",NA,NA,2020-01-27
"382",382,"42756_2#227","42756_2#227","Klebsiella pneumoniae","ST3311","CIV103E1","Ward surfaces",NA,NA,2019-08-26
"383",383,"42139_1#52","42139_1#52","Klebsiella pneumoniae","ST15","CIT154S1","Neonate's stool","NKZCV",NA,2020-02-14
"384",384,"42756_3#41","42756_3#41","Klebsiella pneumoniae","ST35","CIS155H1","Mother's hands","67045",NA,2020-02-14
"385",385,"43416_2#13","43416_2#13","Klebsiella pneumoniae","ST45","CIS144H1","Mother's hands","36209",NA,2019-11-11
"386",386,"43416_2#148","43416_2#148","Klebsiella pneumoniae","ST2167","CIV13KE5","Ward surfaces",NA,NA,2020-02-04
"387",387,"42139_1#270","42139_1#270","Klebsiella pneumoniae","ST15","CIT10ES1","Neonate's stool","VZBDK",NA,2019-10-11
"388",388,"42756_2#168","42756_2#168","Klebsiella pneumoniae","ST1552","CIU10GH1","Mother's hands","27493",NA,2019-10-28
"389",389,"42756_2#235","42756_2#235","Klebsiella pneumoniae","ST39","CIV103E2","Ward surfaces",NA,NA,2019-08-26
"390",390,"42756_2#153","42756_2#153","Klebsiella pneumoniae","ST48","CIS13WS2","Mother's stool","83719",NA,2019-10-22
"391",391,"43416_2#1","43416_2#1","Klebsiella pneumoniae","ST219","CIV133E5","Ward surfaces",NA,NA,2019-12-02
"392",392,"42139_1#356","42139_1#356","Klebsiella pneumoniae","ST15","CIT151S1","Neonate's stool","BDRSC",NA,2020-01-30
"393",393,"42601_1#35","42601_1#35","Klebsiella pneumoniae","ST15","CIU13ZH1","Mother's hands","67045",NA,2020-02-19
"394",394,"42601_1#105","42601_1#105","Klebsiella pneumoniae","ST340","CIU149H1","Mother's hands","38520",NA,2020-03-13
"395",395,"42756_2#154","42756_2#154","Klebsiella pneumoniae","ST39","CIV108E1","Ward surfaces",NA,NA,2019-09-09
"396",396,"42756_2#169","42756_2#169","Klebsiella pneumoniae","ST3132","CIV108E7","Ward surfaces",NA,NA,2019-09-09
"397",397,"43416_2#103","43416_2#103","Klebsiella pneumoniae","ST3435","CIV138E4","Ward surfaces",NA,NA,2020-01-06
"398",398,"42756_2#223","42756_2#223","Klebsiella pneumoniae","ST307","CIT13SH1","Mother's hands","61792",NA,2019-11-26
"399",399,"42756_2#293","42756_2#293","Klebsiella pneumoniae","ST2793","CIV10VE7","Ward surfaces",NA,NA,2019-10-21
"400",400,"42070_2#89","42070_2#89","Klebsiella pneumoniae","ST35","CIS140B1","Neonate's cot","ZNHVD",NA,2019-11-01
"401",401,"42139_1#62","42139_1#62","Klebsiella pneumoniae","ST567","CIT10JS1","Neonate's stool","BZCHV",NA,2019-11-01
"402",402,"42070_1#274","42070_1#274","Klebsiella pneumoniae","ST35","CIT10FH1","Mother's hands","86132",NA,2019-10-14
"403",403,"42756_2#322","42756_2#322","Klebsiella pneumoniae","ST15","CIV136E3","Ward surfaces",NA,NA,2019-12-09
"404",404,"42139_1#357","42139_1#357","Klebsiella pneumoniae","ST15","CIU13TS1","Neonate's stool","VZBKN",NA,2020-01-24
"405",405,"47963_2#77","47963_2#77","Klebsiella pneumoniae","ST15","CIT152B1","Neonate's cot","VNKRD",NA,2020-02-04
"406",406,"43416_2#272","43416_2#272","Klebsiella pneumoniae","ST1799","CIV13ME8","Ward surfaces",NA,NA,NA
"407",407,"47963_2#136","47963_2#136","Klebsiella pneumoniae","ST307","CIV139E2","Ward surfaces",NA,NA,2020-01-06
"408",408,"43416_2#160","43416_2#160","Klebsiella pneumoniae","ST25","CIS14QH1","Mother's hands","98271",NA,2020-01-10
"409",409,"47963_2#35","47963_2#35","Klebsiella pneumoniae","ST35","CIS109H1","Mother's hands","31752",NA,2019-08-13
"410",410,"42139_1#224","42139_1#224","Klebsiella pneumoniae","ST307","CIT15CH1","Mother's hands","97402",NA,2020-03-06
"411",411,"42070_1#282","42070_1#282","Klebsiella pneumoniae","ST25","CIU10ES2","Mother's stool","58670",NA,2019-10-11
"412",412,"47963_2#198","47963_2#198","Klebsiella pneumoniae","ST26-1LV","CIV13XE3","Ward surfaces",NA,NA,2020-03-09
"413",413,"47963_2#199","47963_2#199","Klebsiella pneumoniae","ST29","CIV10XE3","Ward surfaces",NA,NA,2019-11-04
"414",414,"42139_1#87","42139_1#87","Klebsiella pneumoniae","ST584","CIS16LS1","Neonate's stool","SRBDC",NA,2020-03-23
"415",415,"43416_2#241","43416_2#241","Klebsiella pneumoniae","ST147","CIU13QB1","Neonate's cot","DVRZC",NA,2020-01-20
"416",416,"42139_1#149","42139_1#149","Klebsiella pneumoniae","ST896","CIU148S1","Neonate's stool","HCSND",NA,2020-03-13
"417",417,"43416_2#184","43416_2#184","Klebsiella pneumoniae","ST307","CIV13SE9","Ward surfaces",NA,NA,2020-02-24
"418",418,"47963_2#106","47963_2#106","Klebsiella pneumoniae","ST307","CIV13BE7","Ward surfaces",NA,NA,2020-01-13
"419",419,"42139_1#264","42139_1#264","Klebsiella pneumoniae","ST15","CIS158B1","Neonate's cot","NKRSD",NA,2020-02-18
"420",420,"47963_2#299","47963_2#299","Klebsiella pneumoniae","ST39","CIV108E2","Ward surfaces",NA,NA,2019-09-09
"421",421,"47963_2#188","47963_2#188","Klebsiella pneumoniae","ST15","CIU13LB1","Neonate's cot","CNRVK",NA,2019-11-29
"422",422,"42756_2#310","42756_2#310","Klebsiella pneumoniae","ST39","CIV135E8","Ward surfaces",NA,NA,2019-12-09
"423",423,"43416_2#182","43416_2#182","Klebsiella pneumoniae","ST307","CIV13SE2","Ward surfaces",NA,NA,2020-02-24
"424",424,"47963_2#167","47963_2#167","Klebsiella pneumoniae","ST39","CIU13IB1","Neonate's cot","HDKRN",NA,2019-11-19
"425",425,"42139_1#258","42139_1#258","Klebsiella pneumoniae","ST15","CIS149B1","Neonate's cot","NCSRK",NA,2019-11-18
"426",426,"47963_2#208","47963_2#208","Klebsiella pneumoniae","ST4083","CIV13PE4","Ward surfaces",NA,NA,2020-02-17
"427",427,"43416_2#225","43416_2#225","Klebsiella pneumoniae","ST551","CIV10LE2","Ward surfaces",NA,NA,2019-09-16
"428",428,"42756_2#234","42756_2#234","Klebsiella pneumoniae","ST29","CIV130E2","Ward surfaces",NA,NA,2019-11-25
"429",429,"42756_2#253","42756_2#253","Klebsiella pneumoniae","ST14","CIV10PE4","Ward surfaces",NA,NA,2019-10-07
"430",430,"42139_1#333","42139_1#333","Klebsiella pneumoniae","ST2793","CIS13MS1","Neonate's stool","DSKZH",NA,2019-09-12
"431",431,"47963_2#227","47963_2#227","Klebsiella pneumoniae","ST15","CIV132E7","Ward surfaces",NA,NA,2019-12-02
"432",432,"42139_1#244","42139_1#244","Klebsiella pneumoniae","ST2668","CIU145H1","Mother's hands","7841",NA,2020-03-04
"433",433,"47963_2#44","47963_2#44","Klebsiella pneumoniae","ST15","CIV13ME3","Ward surfaces",NA,NA,NA
"434",434,"42601_1#49","42601_1#49","Klebsiella pneumoniae","ST15","CIV136E5","Ward surfaces",NA,NA,2019-12-09
"435",435,"43416_2#267","43416_2#267","Klebsiella pneumoniae","ST15","CIV13LE1","Ward surfaces",NA,NA,2020-02-04
"436",436,"42756_2#288","42756_2#288","Klebsiella pneumoniae","ST45","CIV10VE6","Ward surfaces",NA,NA,2019-10-21
"437",437,"43416_2#131","43416_2#131","Klebsiella pneumoniae","ST3559","CIS10HB1","Neonate's cot","BKCSV",NA,2019-08-27
"438",438,"43416_2#119","43416_2#119","Klebsiella pneumoniae","ST39","CIV10JE2","Ward surfaces",NA,NA,2019-08-19
"439",439,"42139_1#89","42139_1#89","Klebsiella pneumoniae","ST348","CIT159B1","Neonate's cot","ZKRHC",NA,2020-02-28
"440",440,"42756_2#231","42756_2#231","Klebsiella pneumoniae","ST307","CIS14FH1","Mother's hands","20176",NA,2019-11-26
"441",441,"43416_2#177","43416_2#177","Klebsiella pneumoniae","ST567","CIV132E2","Ward surfaces",NA,NA,2019-12-02
"442",442,"42070_2#87","42070_2#87","Klebsiella pneumoniae","ST29","CIS141H1","Mother's hands","46279",NA,2019-11-04
"443",443,"42756_3#54","42756_3#54","Klebsiella pneumoniae","ST3132","CIV10NE6","Ward surfaces",NA,NA,2019-09-16
"444",444,"42139_1#155","42139_1#155","Klebsiella pneumoniae","ST307","CIT13WB1","Neonate's cot","SDHZN",NA,2019-12-02
"445",445,"42601_1#32","42601_1#32","Klebsiella pneumoniae","ST391","CIU13XH1","Mother's hands","63201",NA,2020-02-17
"446",446,"42756_3#113","42756_3#113","Klebsiella pneumoniae","ST2793","CIV106E8","Ward surfaces",NA,NA,2019-09-02
"447",447,"47963_2#68","47963_2#68","Klebsiella pneumoniae","ST307","CIV13QE8","Ward surfaces",NA,NA,2020-02-17
"448",448,"42601_1#124","42601_1#124","Klebsiella pneumoniae","ST39","CIV10AE3","Ward surfaces",NA,NA,2019-07-29
"449",449,"42601_1#68","42601_1#68","Klebsiella pneumoniae","ST307","CIV13IE7","Ward surfaces",NA,NA,2020-01-27
"450",450,"42139_1#148","42139_1#148","Klebsiella pneumoniae","ST391","CIS158C1","Swaddling cloth","NKRSD",NA,2020-02-18
"451",451,"42139_1#17","42139_1#17","Klebsiella pneumoniae","ST3108-1LV","CIU13TS2","Mother's stool","96452",NA,2020-01-24
"452",452,"47963_2#257","47963_2#257","Klebsiella pneumoniae","ST48","CIS13WH1","Mother's hands","83719",NA,2019-10-22
"453",453,"42756_2#78","42756_2#78","Klebsiella pneumoniae","ST340","CIV130E5","Ward surfaces",NA,NA,2019-11-25
"454",454,"47963_2#172","47963_2#172","Klebsiella pneumoniae","ST26-1LV","CIV13XE9","Ward surfaces",NA,NA,2020-03-09
"455",455,"42139_1#314","42139_1#314","Klebsiella pneumoniae","ST17","CIS10KB1","Neonate's cot","VRCHD",NA,2019-09-09
"456",456,"47963_2#197","47963_2#197","Klebsiella pneumoniae","ST307","CIV10YE6","Ward surfaces",NA,NA,2019-11-04
"457",457,"42139_1#150","42139_1#150","Klebsiella pneumoniae","ST1106","CIS102B1","Neonate's cot","SRHZD",NA,2019-07-29
"458",458,"42756_3#70","42756_3#70","Klebsiella pneumoniae","ST48","CIV102U1","Ward surfaces",NA,NA,2019-08-26
"459",459,"42139_1#363","42139_1#363","Klebsiella pneumoniae","ST567","CIU10JS1","Neonate's stool","BZCHV",NA,2019-11-06
"460",460,"43416_2#7","43416_2#7","Klebsiella pneumoniae","ST3132","CIV101E5","Ward surfaces",NA,NA,NA
"461",461,"42139_1#279","42139_1#279","Klebsiella pneumoniae","ST2668","CIT104S1","Neonate's stool","KZRVC",NA,2019-08-16
"462",462,"47963_2#43","47963_2#43","Klebsiella pneumoniae","ST14","CIV10DE7","Ward surfaces",NA,NA,2019-08-05
"463",463,"42070_1#180","42070_1#180","Klebsiella pneumoniae","ST3132","CIS13QB1","Neonate's cot","VZBDK",NA,2019-10-07
"464",464,"43416_2#137","43416_2#137","Klebsiella pneumoniae","ST17","CIT108H1","Mother's hands","21045",NA,2019-08-30
"465",465,"42756_3#86","42756_3#86","Klebsiella pneumoniae","ST48","CIV13IE9","Ward surfaces",NA,NA,2020-01-27
"466",466,"42139_1#122","42139_1#122","Klebsiella pneumoniae","ST692","CIU13YS1","Neonate's stool","NKZCV",NA,2020-02-19
"467",467,"42756_2#340","42756_2#340","Klebsiella pneumoniae","ST4083","CIV13IU1","Ward surfaces",NA,NA,NA
"468",468,"43416_2#52","43416_2#52","Klebsiella pneumoniae","ST567","CIV10XE9","Ward surfaces",NA,NA,2019-11-04
"469",469,"42601_1#196","42601_1#196","Klebsiella pneumoniae","ST15","CIT13VH1","Mother's hands","32465",NA,2019-12-02
"470",470,"42139_1#305","42139_1#305","Klebsiella pneumoniae","ST2793","CIV111E8","Ward surfaces",NA,NA,2019-11-11
"471",471,"42139_1#54","42139_1#54","Klebsiella pneumoniae","ST17","CIT156B1","Neonate's cot","HRVKZ",NA,2020-02-17
"472",472,"42756_3#173","42756_3#173","Klebsiella pneumoniae","ST307","CIV13DE8","Ward surfaces",NA,NA,2020-01-20
"473",473,"42139_1#334","42139_1#334","Klebsiella pneumoniae","ST2793","CIU10BS1","Neonate's stool","RHCBS",NA,2019-09-11
"474",474,"43416_2#84","43416_2#84","Klebsiella pneumoniae","ST4083","CIS142B1","Neonate's cot","RCSZD",NA,2019-11-04
"475",475,"42601_1#203","42601_1#203","Klebsiella pneumoniae","ST26-1LV","CIV13ZE6","Ward surfaces",NA,NA,2020-03-09
"476",476,"42756_2#250","42756_2#250","Klebsiella pneumoniae","ST3559","CIV103E8","Ward surfaces",NA,NA,2019-08-26
"477",477,"42139_1#309","42139_1#309","Klebsiella pneumoniae","ST101","CIT142S1","Neonate's stool","VZBKN",NA,2020-01-20
"478",478,"42756_3#92","42756_3#92","Klebsiella pneumoniae","ST307","CIV13PE7","Ward surfaces",NA,NA,2020-02-17
"479",479,"47963_2#103","47963_2#103","Klebsiella pneumoniae","ST273","CIU14AS2","Mother's stool","36849",NA,2020-03-27
"480",480,"42601_1#163","42601_1#163","Klebsiella pneumoniae","ST307","CIU103S2","Mother's stool","29476",NA,2019-08-12
"481",481,"42601_1#111","42601_1#111","Klebsiella pneumoniae","ST584","CIS16LH1","Mother's hands","28630",NA,2020-03-23
"482",482,"42756_2#37","42756_2#37","Klebsiella pneumoniae","ST628","CIV13UE3","Ward surfaces",NA,NA,2020-03-02
"483",483,"43416_2#64","43416_2#64","Klebsiella pneumoniae","ST340","CIS145C1","Swaddling cloth","HDKRN",NA,2019-11-11
"484",484,"42756_2#194","42756_2#194","Klebsiella pneumoniae","ST54","CIU10KH1","Mother's hands","46279",NA,2019-11-11
"485",485,"47963_2#170","47963_2#170","Klebsiella pneumoniae","ST15","CIT156H1","Mother's hands","67045",NA,2020-02-17
"486",486,"43416_2#10","43416_2#10","Klebsiella pneumoniae","ST3132","CIV10ME9","Ward surfaces",NA,NA,2019-09-16
"487",487,"42139_1#285","42139_1#285","Klebsiella pneumoniae","ST29","CIT10HB1","Neonate's cot","HRDBZ",NA,2019-10-24
"488",488,"47963_2#5","47963_2#5","Klebsiella pneumoniae","ST101","CIU102H1","Mother's hands","12845",NA,2019-08-05
"489",489,"42139_1#29","42139_1#29","Klebsiella pneumoniae","ST15","CIS152C1","Swaddling cloth","NVSBH",NA,2020-02-10
"490",490,"43416_2#34","43416_2#34","Klebsiella pneumoniae","ST35","CIV10ME2","Ward surfaces",NA,NA,2019-09-16
"491",491,"42601_1#213","42601_1#213","Klebsiella pneumoniae","ST111-1LV","CIV143E8","Ward surfaces",NA,NA,2020-03-23
"492",492,"42139_1#217","42139_1#217","Klebsiella pneumoniae","ST45","CIT15GS1","Neonate's stool","ZVDSC",NA,2020-03-19
"493",493,"43416_2#102","43416_2#102","Klebsiella pneumoniae","ST147","CIS14RS2","Mother's stool","76021",NA,2020-01-13
"494",494,"47963_2#244","47963_2#244","Klebsiella pneumoniae","ST15","CIV10QE8","Ward surfaces",NA,NA,2019-10-07
"495",495,"43416_2#232","43416_2#232","Klebsiella pneumoniae","ST25","CIS14QC1","Swaddling cloth","ZVDHR",NA,2020-01-10
"496",496,"43416_2#260","43416_2#260","Klebsiella pneumoniae","ST39","CIS108B1","Neonate's cot","RHKBC",NA,2019-08-12
"497",497,"43416_2#135","43416_2#135","Klebsiella pneumoniae","ST101","CIV13KE3","Ward surfaces",NA,NA,2020-02-04
"498",498,"42756_3#179","42756_3#179","Klebsiella pneumoniae","ST307","CIV13IE6","Ward surfaces",NA,NA,2020-01-27
"499",499,"42139_1#92","42139_1#92","Klebsiella pneumoniae","ST45","CIS159B1","Neonate's cot","CSRNB",NA,2020-02-25
"500",500,"47963_2#297","47963_2#297","Klebsiella pneumoniae","ST2793","CIV103E4","Ward surfaces",NA,NA,2019-08-26
"501",501,"47963_2#97","47963_2#97","Klebsiella pneumoniae","ST607","CIT10IS1","Neonate's stool","BVZKS",NA,2019-10-25
"502",502,"42139_1#28","42139_1#28","Klebsiella pneumoniae","ST15","CIS152S1","Neonate's stool","NVSBH",NA,2020-02-10
"503",503,"42756_2#277","42756_2#277","Klebsiella pneumoniae","ST39","CIT151S2","Mother's stool","97634",NA,2020-01-30
"504",504,"42601_1#119","42601_1#119","Klebsiella pneumoniae","ST2793","CIVVVE8-","Ward surfaces",NA,NA,NA
"505",505,"42601_1#77","42601_1#77","Klebsiella pneumoniae","ST2668","CIS15JH1","Mother's hands","43705",NA,2020-03-06
"506",506,"42139_1#321","42139_1#321","Klebsiella pneumoniae","ST391","CIT13PS2","Mother's stool","9138",NA,2019-11-22
"507",507,"42139_1#355","42139_1#355","Klebsiella pneumoniae","ST584","CIS16LC1","Swaddling cloth","SRBDC",NA,2020-03-23
"508",508,"43416_2#73","43416_2#73","Klebsiella pneumoniae","ST617","CIV10YE1","Ward surfaces",NA,NA,2019-11-04
"509",509,"42139_1#287","42139_1#287","Klebsiella pneumoniae","ST307","CIS148H1","Mother's hands","62751",NA,2019-11-14
"510",510,"42070_2#115","42070_2#115","Klebsiella pneumoniae","ST607","CIS13WS1","Neonate's stool","BVZKS",NA,2019-10-22
"511",511,"47963_2#13","47963_2#13","Klebsiella pneumoniae","ST39","CIV10FE4","Ward surfaces",NA,NA,2019-08-12
"512",512,"42139_1#325","42139_1#325","Klebsiella pneumoniae","ST34","CIT10GS2","Mother's stool","27493",NA,2019-10-24
"513",513,"42756_3#67","42756_3#67","Klebsiella pneumoniae","ST39","CIV10GE3","Ward surfaces",NA,NA,2019-08-12
"514",514,"42139_1#60","42139_1#60","Klebsiella pneumoniae","ST48","CIT10IS1","Neonate's stool","BVZKS",NA,2019-10-25
"515",515,"42756_2#173","42756_2#173","Klebsiella pneumoniae","ST39","CIV108E8","Ward surfaces",NA,NA,2019-09-09
"516",516,"42756_2#230","42756_2#230","Klebsiella pneumoniae","ST17","CIV103E2","Ward surfaces",NA,NA,2019-08-26
"517",517,"43416_2#208","43416_2#208","Klebsiella pneumoniae","ST45","CIV13SE1","Ward surfaces",NA,NA,2020-02-24
"518",518,"42139_1#24","42139_1#24","Klebsiella pneumoniae","ST607","CIS15LC1","Swaddling cloth","RKSDC",NA,2020-03-12
"519",519,"43416_2#114","43416_2#114","Klebsiella pneumoniae","ST39","CIV10JE7","Ward surfaces",NA,NA,2019-08-19
"520",520,"42139_1#21","42139_1#21","Klebsiella pneumoniae","ST17","CIT145S2","Mother's stool","75826",NA,2020-01-30
"521",521,"43416_2#4","43416_2#4","Klebsiella pneumoniae","ST3559","CIV133U1","Ward surfaces",NA,NA,2019-12-02
"522",522,"47963_2#206","47963_2#206","Klebsiella pneumoniae","ST15","CIV13QE5","Ward surfaces",NA,NA,2020-02-17
"523",523,"47963_2#293","47963_2#293","Klebsiella pneumoniae","ST2793","CIV113E2","Ward surfaces",NA,NA,2019-11-18
"524",524,"42139_1#339","42139_1#339","Klebsiella pneumoniae","ST48","CIT143S1","Neonate's stool","VCRHK",NA,2020-01-24
"525",525,"42601_1#139","42601_1#139","Klebsiella pneumoniae","ST39","CIV10BE9","Ward surfaces",NA,NA,2019-07-29
"526",526,"42756_2#344","42756_2#344","Klebsiella pneumoniae","ST48","CIV13HU1","Ward surfaces",NA,NA,2020-01-27
"527",527,"42756_2#40","42756_2#40","Klebsiella pneumoniae","ST628","CIV13UE6","Ward surfaces",NA,NA,2020-03-02
"528",528,"42139_1#275","42139_1#275","Klebsiella pneumoniae","ST2668","CIS14QS1","Neonate's stool","ZVDHR",NA,2020-01-10
"529",529,"47963_2#205","47963_2#205","Klebsiella pneumoniae","ST307","CIV130E8","Ward surfaces",NA,NA,2019-11-25
"530",530,"42139_1#145","42139_1#145","Klebsiella pneumoniae","ST15","CIU146S1","Neonate's stool","DZKSR",NA,2020-03-06
"531",531,"42756_3#43","42756_3#43","Klebsiella pneumoniae","ST35","CIU13XS2","Mother's stool","63201",NA,2020-02-17
"532",532,"42139_1#158","42139_1#158","Klebsiella pneumoniae","ST29","CIS105B1","Neonate's cot","HZBCR",NA,2019-08-05
"533",533,"47963_2#295","47963_2#295","Klebsiella pneumoniae","ST39","CIV102E5","Ward surfaces",NA,NA,2019-08-26
"534",534,"43416_2#155","43416_2#155","Klebsiella pneumoniae","ST39","CIT13NS1","Neonate's stool","HDKRN",NA,2019-11-15
"535",535,"42139_1#245","42139_1#245","Klebsiella pneumoniae","ST340","CIT13US1","Neonate's stool","ZNBHC",NA,2019-11-28
"536",536,"42139_1#124","42139_1#124","Klebsiella pneumoniae","ST48","CIU13ZB1","Neonate's cot","HRVKZ",NA,2020-02-19
"537",537,"47963_2#203","47963_2#203","Klebsiella pneumoniae","ST307","CIV133E9","Ward surfaces",NA,NA,2019-12-02
"538",538,"47963_2#165","47963_2#165","Klebsiella pneumoniae","ST307","CIU10KS1","Neonate's stool","DHCKN",NA,2019-11-11
"539",539,"42756_3#35","42756_3#35","Klebsiella pneumoniae","ST17","CIV10VE2","Ward surfaces",NA,NA,2019-10-21
"540",540,"42139_1#84","42139_1#84","Klebsiella pneumoniae","ST48","CIU10HS1","Neonate's stool","BVZKS",NA,2019-10-29
"541",541,"42601_1#47","42601_1#47","Klebsiella pneumoniae","ST567","CIV136E1","Ward surfaces",NA,NA,2019-12-09
"542",542,"42601_1#55","42601_1#55","Klebsiella pneumoniae","ST15","CIT15BH1","Mother's hands","59380",NA,2020-03-05
"543",543,"47963_2#78","47963_2#78","Klebsiella pneumoniae","ST307","CIV13BE3","Ward surfaces",NA,NA,2020-01-13
"544",544,"42092_1#94.contigs_spades","42092_1#94","Klebsiella pneumoniae","ST391","BKRMW0","Invasive",NA,2019-11-24,2020-01-22
"545",545,"42139_1#8.contigs_spades","42139_1#8","Klebsiella pneumoniae","ST1799","CAATK9","Invasive",NA,2019-07-03,2019-08-31
"546",546,"42139_1#352.contigs_spades","42139_1#352","Klebsiella pneumoniae","ST54","CAASUI","Invasive",NA,2019-06-26,2019-08-24
"547",547,"42092_1#126.contigs_spades","42092_1#126","Klebsiella pneumoniae","ST15","BKRNV7","Invasive",NA,2019-11-29,2020-01-27
"548",548,"42092_1#220.contigs_spades","42092_1#220","Klebsiella pneumoniae","ST3132","CAAYA3","Invasive",NA,2020-01-05,2020-03-04
"549",549,"42092_1#146.contigs_spades","42092_1#146","Klebsiella pneumoniae","ST15","CAAXLQ","Invasive",NA,2019-12-01,2020-01-29
"550",550,"42092_1#186.contigs_spades","42092_1#186","Klebsiella pneumoniae","ST391","CAAYMZ","Invasive",NA,2019-12-17,2020-02-14
"551",551,"42070_2#3.contigs_spades","42070_2#3","Klebsiella pneumoniae","ST2632","CAAYEH","Invasive",NA,2020-01-18,2020-03-17
"552",552,"42139_1#328.contigs_spades","42139_1#328","Klebsiella pneumoniae","ST17","CAAT57","Invasive",NA,2019-06-16,2019-08-14
"553",553,"42139_1#170.contigs_spades","42139_1#170","Klebsiella pneumoniae","ST3132","CAAVXU","Invasive",NA,2019-09-19,2019-11-17
"554",554,"42092_1#148.contigs_spades","42092_1#148","Klebsiella pneumoniae","ST607","BKRNHC","Invasive",NA,2019-12-03,2020-01-31
"555",555,"42092_1#88.contigs_spades","42092_1#88","Klebsiella pneumoniae","ST307","CAAWXQ","Invasive",NA,2019-11-14,2020-01-12
"556",556,"42139_1#38.contigs_spades","42139_1#38","Klebsiella pneumoniae","ST39","CAATHE","Invasive",NA,2019-07-20,2019-09-17
"557",557,"42139_1#2.contigs_spades","42139_1#2","Klebsiella pneumoniae","ST17","CAASX8","Invasive",NA,2019-06-29,2019-08-27
"558",558,"42092_1#28.contigs_spades","42092_1#28","Klebsiella pneumoniae","ST15","CAAWSV","Invasive",NA,2019-10-11,2019-12-09
"559",559,"42092_1#274.contigs_spades","42092_1#274","Klebsiella pneumoniae","ST584","CAAYEV","Invasive",NA,2020-01-20,2020-03-19
"560",560,"42092_2#9.contigs_spades","42092_2#9","Klebsiella pneumoniae","ST39","CNS1LG","Invasive",NA,2020-02-13,2020-04-12
